"Original HelpX Location","UUID","Transformed Markdown File"
"/content/help/en/experience-manager/kt/eseminars/gems/aem-oak-mongomk-and-queries","110e7e51-6e0c-4eae-9bc3-063e16b0ec92","/data/AEM/git/Adobe-Document-Collaboration-Portal/migration-root/helpx/experience-manager-gems/aem-oak-mongomk-and-queries.md"
"/content/help/en/experience-manager/kt/eseminars/gems/aem-search-forms-using-querybuilder","867545ac-e175-4bd8-9d17-b5423f29031f","/data/AEM/git/Adobe-Document-Collaboration-Portal/migration-root/helpx/experience-manager-gems/aem-search-forms-using-querybuilder.md"
"/content/help/en/experience-manager/kt/eseminars/gems/ContextHub-Deep-Dive","5e8f86e2-269e-4fb8-b899-5be7ef2c977a","/data/AEM/git/Adobe-Document-Collaboration-Portal/migration-root/helpx/experience-manager-gems/contexthub-deep-dive.md"
"/content/help/en/experience-manager/kt/eseminars/gems/aem-web-performance","f6338645-e05f-4b57-b576-65645d9220ed","/data/AEM/git/Adobe-Document-Collaboration-Portal/migration-root/helpx/experience-manager-gems/aem-web-performance.md"
"/content/help/en/experience-manager/kt/eseminars/gems/AEM-Query-and-Index-Troubleshooting","6ba07490-1b55-4209-bb89-bad35d73297e","/data/AEM/git/Adobe-Document-Collaboration-Portal/migration-root/helpx/experience-manager-gems/aem-query-and-index-troubleshooting.md"
"/content/help/en/experience-manager/kt/eseminars/gems/aem-user-interface-customization-for-aem6","2937bc6f-9ae8-4acf-a965-a16ef6e56a16","/data/AEM/git/Adobe-Document-Collaboration-Portal/migration-root/helpx/experience-manager-gems/aem-user-interface-customization-for-aem6.md"
"/content/help/en/experience-manager/kt/eseminars/gems/Deep-Dive-into-Adobe-Experience-Manager-6-41","fcc096d8-2843-4a64-ae28-1f39915b3d0d","/data/AEM/git/Adobe-Document-Collaboration-Portal/migration-root/helpx/experience-manager-gems/deep-dive-into-adobe-experience-manager-6-41.md"
"/content/help/en/experience-manager/kt/eseminars/gems/Adobe-Cloud-Platform---The-Heart-of-Experience-Cloud","121919b9-a648-4554-8a97-3b56f7a6f845","/data/AEM/git/Adobe-Document-Collaboration-Portal/migration-root/helpx/experience-manager-gems/adobe-cloud-platform-the-heart-of-experience-cloud.md"
"/content/help/en/experience-manager/kt/eseminars/gems/aem-technical-sneak-peek","4cb22075-1f96-45fb-b9c3-41d8516b4c87","/data/AEM/git/Adobe-Document-Collaboration-Portal/migration-root/helpx/experience-manager-gems/aem-technical-sneak-peek.md"
"/content/help/en/experience-manager/kt/eseminars/gems/aem-customizing-dialog-fields-in-touch-ui","3fe33258-ae88-42e6-917e-35a6525e5cd5","/data/AEM/git/Adobe-Document-Collaboration-Portal/migration-root/helpx/experience-manager-gems/aem-customizing-dialog-fields-in-touch-ui.md"
"/content/help/en/experience-manager/kt/eseminars/gems/Maintaining-Open-Source-While-Maintaining-Your-Sanity","f605660e-bf55-4d18-85ea-6b476e84cda5","/data/AEM/git/Adobe-Document-Collaboration-Portal/migration-root/helpx/experience-manager-gems/maintaining-open-source-while-maintaining-your-sanity.md"
"/content/help/en/experience-manager/kt/eseminars/gems/granite-upgrade-to-major-version-backwards-compatibility","ac992f82-f6bc-4e85-909a-6b7583105ea8","/data/AEM/git/Adobe-Document-Collaboration-Portal/migration-root/helpx/experience-manager-gems/granite-upgrade-to-major-version-backwards-compatibility.md"
"/content/help/en/experience-manager/kt/eseminars/gems/aem-building-health-checks-for-aem","33d6c0e2-9bf8-443d-babe-2ceda52a1837","/data/AEM/git/Adobe-Document-Collaboration-Portal/migration-root/helpx/experience-manager-gems/aem-building-health-checks-for-aem.md"
"/content/help/en/experience-manager/kt/eseminars/gems/aem-running-aem-on-mongodb","8ca5b7d0-b71e-481c-961c-c91ee987f374","/data/AEM/git/Adobe-Document-Collaboration-Portal/migration-root/helpx/experience-manager-gems/aem-running-aem-on-mongodb.md"
"/content/help/en/experience-manager/kt/eseminars/gems/aem-media-publisher-deep-dive","20701264-a2fb-4f8e-a818-02247acbb2eb","/data/AEM/git/Adobe-Document-Collaboration-Portal/migration-root/helpx/experience-manager-gems/aem-media-publisher-deep-dive.md"
"/content/help/en/experience-manager/kt/eseminars/gems/granite-content-package-validation-improvements","ef69d957-6898-42cf-8c2f-fd676a13a340","/data/AEM/git/Adobe-Document-Collaboration-Portal/migration-root/helpx/experience-manager-gems/granite-content-package-validation-improvements.md"
"/content/help/en/experience-manager/kt/eseminars/gems/granite-evergreen-sprouts-make-it-green-from-the-start","39061229-3371-4d81-8f94-6548d8c1f668","/data/AEM/git/Adobe-Document-Collaboration-Portal/migration-root/helpx/experience-manager-gems/granite-evergreen-sprouts-make-it-green-from-the-start.md"
"/content/help/en/experience-manager/kt/eseminars/gems/granite-snapshotting-and-restoring-aem","f4105d16-f6e3-4a67-b0c4-bc7dfc527276","/data/AEM/git/Adobe-Document-Collaboration-Portal/migration-root/helpx/experience-manager-gems/granite-snapshotting-and-restoring-aem.md"
"/content/help/en/experience-manager/kt/eseminars/gems/aem-headless-usecases","b7ee2de4-385a-486f-80e4-741e3965ed28","/data/AEM/git/Adobe-Document-Collaboration-Portal/migration-root/helpx/experience-manager-gems/aem-headless-usecases.md"
"/content/help/en/experience-manager/kt/eseminars/gems/Solr-as-an-Oak-index-for-AEM","3adf1ae1-bdc0-4e06-bed8-550da70c1727","/data/AEM/git/Adobe-Document-Collaboration-Portal/migration-root/helpx/experience-manager-gems/solr-as-an-oak-index-for-aem.md"
"/content/help/en/experience-manager/kt/eseminars/gems/ContextHub-Deep-Dive-test","5e5e093c-b296-4135-94ba-659c320c4098","/data/AEM/git/Adobe-Document-Collaboration-Portal/migration-root/helpx/experience-manager-gems/contexthub-deep-dive-test.md"
"/content/help/en/experience-manager/kt/eseminars/gems/aem-digital-asset-explosion","236f688c-82c0-46dd-bbdc-e9c8552152c4","/data/AEM/git/Adobe-Document-Collaboration-Portal/migration-root/helpx/experience-manager-gems/aem-digital-asset-explosion.md"
"/content/help/en/experience-manager/kt/eseminars/gems/aem-job-handling-and-offloading","181e3781-8eca-4a5d-879e-15ae4e1f6649","/data/AEM/git/Adobe-Document-Collaboration-Portal/migration-root/helpx/experience-manager-gems/aem-job-handling-and-offloading.md"
"/content/help/en/experience-manager/kt/eseminars/gems/AEM-Rich-Text-Editor-RTE-Deep-Dive","1a164ebb-351a-423b-97f5-3c6a0001d03b","/data/AEM/git/Adobe-Document-Collaboration-Portal/migration-root/helpx/experience-manager-gems/aem-rich-text-editor-rte-deep-dive.md"
"/content/help/en/experience-manager/kt/eseminars/gems/aem-technical-overview-of-the-aem-6-platform","53be1e40-6fe9-44b5-a015-ba7ad7801d7c","/data/AEM/git/Adobe-Document-Collaboration-Portal/migration-root/helpx/experience-manager-gems/aem-technical-overview-of-the-aem-6-platform.md"
"/content/help/en/experience-manager/kt/eseminars/gems/event-driven-integrations-with-aem-using-IO-Events","2b08fd3b-b9d7-4300-93c5-b8ab92c53e1f","/data/AEM/git/Adobe-Document-Collaboration-Portal/migration-root/helpx/experience-manager-gems/event-driven-integrations-with-aem-using-io-events.md"
"/content/help/en/experience-manager/kt/eseminars/gems/aem-deep-dive-6-4","d977200e-496d-434a-a1f5-85c71e509220","/data/AEM/git/Adobe-Document-Collaboration-Portal/migration-root/helpx/experience-manager-gems/aem-deep-dive-6-4.md"
"/content/help/en/experience-manager/kt/eseminars/gems/aem-launches","ebff46e5-e580-4a42-bb8a-55ea0fa13d9e","/data/AEM/git/Adobe-Document-Collaboration-Portal/migration-root/helpx/experience-manager-gems/aem-launches.md"
"/content/help/en/experience-manager/kt/eseminars/gems/aem-efficiently-build-reusable-components","445d4ead-8055-4624-a618-edd67ee3ec2d","/data/AEM/git/Adobe-Document-Collaboration-Portal/migration-root/helpx/experience-manager-gems/aem-efficiently-build-reusable-components.md"
"/content/help/en/experience-manager/kt/eseminars/gems/aem-integrations","6967a5c8-5eca-488c-9548-facef7bb55c0","/data/AEM/git/Adobe-Document-Collaboration-Portal/migration-root/helpx/experience-manager-gems/aem-integrations.md"
"/content/help/en/experience-manager/kt/eseminars/gems/aem-dispatcher","df8dc6ec-3785-4204-b0b9-e656a1a4db94","/data/AEM/git/Adobe-Document-Collaboration-Portal/migration-root/helpx/experience-manager-gems/aem-dispatcher.md"
"/content/help/en/experience-manager/kt/eseminars/gems/granite-cumulative-fix-pack-process","2807e848-07b3-4a9b-b5ed-96e186d988a3","/data/AEM/git/Adobe-Document-Collaboration-Portal/migration-root/helpx/experience-manager-gems/granite-cumulative-fix-pack-process.md"
"/content/help/en/experience-manager/kt/eseminars/gems/Adobe-Experience-Manager-6-5-Sites---Whats-New","e59a3675-33eb-418c-8e8a-e4f9ffff1b10","/data/AEM/git/Adobe-Document-Collaboration-Portal/migration-root/helpx/experience-manager-gems/adobe-experience-manager-6-5-sites-whats-new.md"
"/content/help/en/experience-manager/kt/eseminars/gems/aem-oak-external-login-module-authenticating-with-ldap-and-beyond","97f60619-50fd-4f6d-ad77-3afb5951846c","/data/AEM/git/Adobe-Document-Collaboration-Portal/migration-root/helpx/experience-manager-gems/aem-oak-external-login-module-authenticating-with-ldap-and-beyond.md"
"/content/help/en/experience-manager/kt/eseminars/gems/aem-troubleshooting-aem-replication","4e4a3dc8-eb1c-4c28-a7c1-1c8c2e084e7b","/data/AEM/git/Adobe-Document-Collaboration-Portal/migration-root/helpx/experience-manager-gems/aem-troubleshooting-aem-replication.md"
"/content/help/en/experience-manager/kt/eseminars/gems/aem-metadata-management-in-aem-dam","09bce4bb-8880-41ae-b95c-1f36407191ff","/data/AEM/git/Adobe-Document-Collaboration-Portal/migration-root/helpx/experience-manager-gems/aem-metadata-management-in-aem-dam.md"
"/content/help/en/experience-manager/kt/eseminars/gems/AEM65-ReadyForTheWorld-TranslationIntegration-BestPractices","50db5f3d-2bd0-4366-8c26-b11c4aa6a23c","/data/AEM/git/Adobe-Document-Collaboration-Portal/migration-root/helpx/experience-manager-gems/aem65-readyfortheworld-translationintegration-bestpractices.md"
"/content/help/en/experience-manager/kt/eseminars/gems/aem-hybris-ecommerce-framework-integration","d09192f9-c9a3-43db-8538-d581838e1e27","/data/AEM/git/Adobe-Document-Collaboration-Portal/migration-root/helpx/experience-manager-gems/aem-hybris-ecommerce-framework-integration.md"
"/content/help/en/experience-manager/kt/eseminars/gems/ContextHub-Deep-Dive-test1","d78467aa-00a1-4641-bb03-63fbebed5ca7","/data/AEM/git/Adobe-Document-Collaboration-Portal/migration-root/helpx/experience-manager-gems/contexthub-deep-dive-test1.md"
"/content/help/en/experience-manager/kt/eseminars/gems/aem-adobe-analytics-dynamic-tag-management","0af8b03b-18dc-4701-93c6-65acdc85b6a2","/data/AEM/git/Adobe-Document-Collaboration-Portal/migration-root/helpx/experience-manager-gems/aem-adobe-analytics-dynamic-tag-management.md"
"/content/help/en/experience-manager/kt/eseminars/gems/aem-ecommerce-integration-framework","cf925889-3538-4ae4-a82c-a8e5d30ad1ab","/data/AEM/git/Adobe-Document-Collaboration-Portal/migration-root/helpx/experience-manager-gems/aem-ecommerce-integration-framework.md"
"/content/help/en/experience-manager/kt/eseminars/gems/Deep-Dive-into-Adobe-Experience-Manager-6-4","24e0e67c-bdc4-4a95-8ffb-6a74a7e71510","/data/AEM/git/Adobe-Document-Collaboration-Portal/migration-root/helpx/experience-manager-gems/deep-dive-into-adobe-experience-manager-6-4.md"
"/content/help/en/experience-manager/kt/eseminars/gems/aem-adobe-io","78a98ffd-cdca-462a-8915-fd936a270232","/data/AEM/git/Adobe-Document-Collaboration-Portal/migration-root/helpx/experience-manager-gems/aem-adobe-io.md"
"/content/help/en/experience-manager/kt/eseminars/gems/aem-tech-sneak-peek","a0eae408-c0a2-44a4-abca-040895955570","/data/AEM/git/Adobe-Document-Collaboration-Portal/migration-root/helpx/experience-manager-gems/aem-tech-sneak-peek.md"
"/content/help/en/experience-manager/kt/eseminars/gems/AEM-Rich-Text-Editor-RTE-Deep-Dive1","c55837d1-5703-44a9-b901-ab2e68d75dcb","/data/AEM/git/Adobe-Document-Collaboration-Portal/migration-root/helpx/experience-manager-gems/aem-rich-text-editor-rte-deep-dive1.md"
"/content/help/en/experience-manager/kt/eseminars/gems/aem-deep-dive-into-aem-upgrade-process","2468da9b-178a-4fff-bf8e-57a3b0548d5c","/data/AEM/git/Adobe-Document-Collaboration-Portal/migration-root/helpx/experience-manager-gems/aem-deep-dive-into-aem-upgrade-process.md"
"/content/help/en/experience-manager/kt/eseminars/gems/A-Blank-registration-template1","fac599bd-cdc1-42a7-a373-f21b5486ca6c","/data/AEM/git/Adobe-Document-Collaboration-Portal/migration-root/helpx/experience-manager-gems/a-blank-registration-template1.md"
"/content/help/en/experience-manager/kt/eseminars/gems/granite-asset-link","f9c378fe-62f6-46be-91d7-701a2f239b7d","/data/AEM/git/Adobe-Document-Collaboration-Portal/migration-root/helpx/experience-manager-gems/granite-asset-link.md"
"/content/help/en/experience-manager/kt/eseminars/gems/AEM-SPA-Editor","fa5fc290-0627-4f09-87ad-4f06802848f1","/data/AEM/git/Adobe-Document-Collaboration-Portal/migration-root/helpx/experience-manager-gems/aem-spa-editor.md"
"/content/help/en/experience-manager/kt/eseminars/gems/A-Blank-registration-template","fc96dcd9-03a1-43a6-9c2f-9dfdefd942c3","/data/AEM/git/Adobe-Document-Collaboration-Portal/migration-root/helpx/experience-manager-gems/a-blank-registration-template.md"
"/content/help/en/experience-manager/kt/eseminars/gems/aem-msm-and-translation-best-practices","e03f11cc-f16e-428b-91b7-dad22b1f2969","/data/AEM/git/Adobe-Document-Collaboration-Portal/migration-root/helpx/experience-manager-gems/aem-msm-and-translation-best-practices.md"
"/content/help/en/experience-manager/kt/eseminars/gems/aem-indexing-jcr-query","d4f70700-328c-42f9-9fd8-5181d2ba1697","/data/AEM/git/Adobe-Document-Collaboration-Portal/migration-root/helpx/experience-manager-gems/aem-indexing-jcr-query.md"
"/content/help/en/experience-manager/kt/eseminars/gems/aem-ibm-websphere-commerce-integration-for-aem","0c7aa66b-3909-4eeb-85d6-87e7faa4db39","/data/AEM/git/Adobe-Document-Collaboration-Portal/migration-root/helpx/experience-manager-gems/aem-ibm-websphere-commerce-integration-for-aem.md"
"/content/help/en/experience-manager/kt/eseminars/gems/aem-asset-explosion","d9c7971e-f6c4-4b83-819d-5aeb03378364","/data/AEM/git/Adobe-Document-Collaboration-Portal/migration-root/helpx/experience-manager-gems/aem-asset-explosion.md"
"/content/help/en/experience-manager/kt/eseminars/gems/aem-setup-and-configure-aem-dynamic-media","7074c98e-f9d1-4c15-b9db-dae3efda0ea0","/data/AEM/git/Adobe-Document-Collaboration-Portal/migration-root/helpx/experience-manager-gems/aem-setup-and-configure-aem-dynamic-media.md"
"/content/help/en/experience-manager/kt/eseminars/gems/Leveraging-author---publish-for-AEM-Screens","45a68d1d-824e-4922-b440-dd53131d2bdc","/data/AEM/git/Adobe-Document-Collaboration-Portal/migration-root/helpx/experience-manager-gems/leveraging-author-publish-for-aem-screens.md"
"/content/help/en/experience-manager/kt/eseminars/gems/aem-author-scalability1","5dab0a6c-2b3c-40fc-866a-b630215d1cd8","/data/AEM/git/Adobe-Document-Collaboration-Portal/migration-root/helpx/experience-manager-gems/aem-author-scalability1.md"
"/content/help/en/experience-manager/kt/eseminars/gems/granite-patent-submission","9332f806-18c2-42d0-9c7d-d4f28551dc43","/data/AEM/git/Adobe-Document-Collaboration-Portal/migration-root/helpx/experience-manager-gems/granite-patent-submission.md"
"/content/help/en/experience-manager/kt/eseminars/gems/aem-introduction-to-aem-screens","a6c42610-4a3d-4575-ac27-fc154d58c13d","/data/AEM/git/Adobe-Document-Collaboration-Portal/migration-root/helpx/experience-manager-gems/aem-introduction-to-aem-screens.md"
"/content/help/en/experience-manager/kt/eseminars/gems/Creating-Headless-Omnichannel-Experiences-with-AEM-65","126e5518-b8c0-41e7-9b99-78d9d80b18b0","/data/AEM/git/Adobe-Document-Collaboration-Portal/migration-root/helpx/experience-manager-gems/creating-headless-omnichannel-experiences-with-aem-65.md"
"/content/help/en/experience-manager/kt/eseminars/gems/aem-developing-osgi-bundles-services-for-aem","175dd285-ee5c-45b1-8dd5-2fc4f5964dc5","/data/AEM/git/Adobe-Document-Collaboration-Portal/migration-root/helpx/experience-manager-gems/aem-developing-osgi-bundles-services-for-aem.md"
"/content/help/en/experience-manager/kt/eseminars/gems/aem-technical-deep-dive-into-the-aem-6-platform","8038fb68-e841-4d35-affd-c32d53e4cc8f","/data/AEM/git/Adobe-Document-Collaboration-Portal/migration-root/helpx/experience-manager-gems/aem-technical-deep-dive-into-the-aem-6-platform.md"
"/content/help/en/experience-manager/kt/eseminars/gems/granite-project-evergreen","a08abb0b-adeb-48f4-9092-abdb625c8948","/data/AEM/git/Adobe-Document-Collaboration-Portal/migration-root/helpx/experience-manager-gems/granite-project-evergreen.md"
"/content/help/en/experience-manager/kt/eseminars/gems/aem-acp","502196b9-9cfb-4652-83a4-9156434370a1","/data/AEM/git/Adobe-Document-Collaboration-Portal/migration-root/helpx/experience-manager-gems/aem-acp.md"
"/content/help/en/experience-manager/kt/eseminars/gems/granite-program-and-operation","25042a1a-e39e-4236-ac8c-3fed08d49fdf","/data/AEM/git/Adobe-Document-Collaboration-Portal/migration-root/helpx/experience-manager-gems/granite-program-and-operation.md"
"/content/help/en/experience-manager/kt/eseminars/gems/aem-social-component-framework-in-aem-6","ea0d66a9-258c-45a7-92c9-8f43b7615080","/data/AEM/git/Adobe-Document-Collaboration-Portal/migration-root/helpx/experience-manager-gems/aem-social-component-framework-in-aem-6.md"
"/content/help/en/experience-manager/kt/eseminars/gems/aem-mobile-first-development-with-cq-made-easy","20f50539-8299-4080-818c-77201047022b","/data/AEM/git/Adobe-Document-Collaboration-Portal/migration-root/helpx/experience-manager-gems/aem-mobile-first-development-with-cq-made-easy.md"
"/content/help/en/experience-manager/kt/eseminars/gems/AEM-Core-Components","8bfd82ac-b61d-4ff2-9251-3664456e6b41","/data/AEM/git/Adobe-Document-Collaboration-Portal/migration-root/helpx/experience-manager-gems/aem-core-components.md"
"/content/help/en/experience-manager/kt/eseminars/gems/jcr:content/aem-spa-editor","db0825c5-8fc6-4c92-a654-6c1e0ba98b16","/data/AEM/git/Adobe-Document-Collaboration-Portal/migration-root/helpx/experience-manager-gems/jcr-content/aem-spa-editor.md"
"/content/help/en/experience-manager/kt/eseminars/gems/aem-brand-portal","0a5a3c7c-60b2-400f-b555-ca51f01e8184","/data/AEM/git/Adobe-Document-Collaboration-Portal/migration-root/helpx/experience-manager-gems/aem-brand-portal.md"
"/content/help/en/experience-manager/kt/eseminars/gems/aem-utilizing-saml-in-aem-deployments","1fef0c03-50fc-4874-aab3-6b8908a91938","/data/AEM/git/Adobe-Document-Collaboration-Portal/migration-root/helpx/experience-manager-gems/aem-utilizing-saml-in-aem-deployments.md"
"/content/help/en/experience-manager/kt/eseminars/gems/aem-developer-mode","ade5e9fd-a81a-4cec-a6ea-fff8cbaf4777","/data/AEM/git/Adobe-Document-Collaboration-Portal/migration-root/helpx/experience-manager-gems/aem-developer-mode.md"
"/content/help/en/experience-manager/kt/eseminars/gems/granite-selenium","426b4390-6123-46f8-a364-e208d7e5b159","/data/AEM/git/Adobe-Document-Collaboration-Portal/migration-root/helpx/experience-manager-gems/granite-selenium.md"
"/content/help/en/experience-manager/kt/eseminars/gems/ContextHub-Deep-Dive3","315f3a94-2d04-4170-9d20-24e457a04d01","/data/AEM/git/Adobe-Document-Collaboration-Portal/migration-root/helpx/experience-manager-gems/contexthub-deep-dive3.md"
"/content/help/en/experience-manager/kt/eseminars/gems/aem-forms-feature-pack-1-introduction-and-technical-samples","da167766-78b9-44ef-80d9-88f7d7897611","/data/AEM/git/Adobe-Document-Collaboration-Portal/migration-root/helpx/experience-manager-gems/aem-forms-feature-pack-1-introduction-and-technical-samples.md"
"/content/help/en/experience-manager/kt/eseminars/gems/granite-mapping-aem","d689e851-c201-4382-af99-b8a26e87fa41","/data/AEM/git/Adobe-Document-Collaboration-Portal/migration-root/helpx/experience-manager-gems/granite-mapping-aem.md"
"/content/help/en/experience-manager/kt/eseminars/gems/aem-cq-aem-5-6-troubleshooting","5c036b16-f1ea-4ef4-b0bd-07489f972770","/data/AEM/git/Adobe-Document-Collaboration-Portal/migration-root/helpx/experience-manager-gems/aem-cq-aem-5-6-troubleshooting.md"
"/content/help/en/experience-manager/kt/eseminars/gems/granite-aem-engineering-framework","a219379a-a08f-4a37-8ff1-aae88f3d0df9","/data/AEM/git/Adobe-Document-Collaboration-Portal/migration-root/helpx/experience-manager-gems/granite-aem-engineering-framework.md"
"/content/help/en/experience-manager/kt/eseminars/gems/aem-translation-integration","d64e538a-fda2-4190-9fa7-50cfea64a04f","/data/AEM/git/Adobe-Document-Collaboration-Portal/migration-root/helpx/experience-manager-gems/aem-translation-integration.md"
"/content/help/en/experience-manager/kt/eseminars/gems/aem-dynamic-media-architecture","66934879-1d50-49bd-879a-463f59657b6a","/data/AEM/git/Adobe-Document-Collaboration-Portal/migration-root/helpx/experience-manager-gems/aem-dynamic-media-architecture.md"
"/content/help/en/experience-manager/kt/eseminars/gems/aem-inside-acs-aem-commons-and-tools","aef962ac-5e21-4582-9da2-cdfa6f5f18ff","/data/AEM/git/Adobe-Document-Collaboration-Portal/migration-root/helpx/experience-manager-gems/aem-inside-acs-aem-commons-and-tools.md"
"/content/help/en/experience-manager/kt/eseminars/gems/aem-creating-online-communities-with-aem-6_1","5b685948-697f-4095-85ad-f62db189bb30","/data/AEM/git/Adobe-Document-Collaboration-Portal/migration-root/helpx/experience-manager-gems/aem-creating-online-communities-with-aem-6-1.md"
"/content/help/en/experience-manager/kt/eseminars/gems/aem-oauth-server-functionality-in-aem","5fa01808-033f-456d-a024-c28f60e1e4b7","/data/AEM/git/Adobe-Document-Collaboration-Portal/migration-root/helpx/experience-manager-gems/aem-oauth-server-functionality-in-aem.md"
"/content/help/en/experience-manager/kt/eseminars/gems/granite-metrics-reporter","94340287-8aff-438a-9b28-551d7965d778","/data/AEM/git/Adobe-Document-Collaboration-Portal/migration-root/helpx/experience-manager-gems/granite-metrics-reporter.md"
"/content/help/en/experience-manager/kt/eseminars/gems/aem-tarmk-deepdive","67aed294-c1f2-422e-a568-7a2e19eb60d1","/data/AEM/git/Adobe-Document-Collaboration-Portal/migration-root/helpx/experience-manager-gems/aem-tarmk-deepdive.md"
"/content/help/en/experience-manager/kt/eseminars/gems/aem-oak-lucene-indexes","7664c6b2-3f09-4de4-9ade-b934465ac829","/data/AEM/git/Adobe-Document-Collaboration-Portal/migration-root/helpx/experience-manager-gems/aem-oak-lucene-indexes.md"
"/content/help/en/experience-manager/kt/eseminars/gems/aem-developer-tools-for-eclipse","cb4bb28a-8370-4425-b082-3516b35f3125","/data/AEM/git/Adobe-Document-Collaboration-Portal/migration-root/helpx/experience-manager-gems/aem-developer-tools-for-eclipse.md"
"/content/help/en/experience-manager/kt/eseminars/gems/Solr-as-an-Oak-index-for-AEM1","97e4ee67-f218-4ff9-9d9a-452963ba6deb","/data/AEM/git/Adobe-Document-Collaboration-Portal/migration-root/helpx/experience-manager-gems/solr-as-an-oak-index-for-aem1.md"
"/content/help/en/experience-manager/kt/eseminars/gems/aem-toughday2-stress-testing-benchmarking-tool","6bf40482-6152-421b-bdfe-9a50176b98b7","/data/AEM/git/Adobe-Document-Collaboration-Portal/migration-root/helpx/experience-manager-gems/aem-toughday2-stress-testing-benchmarking-tool.md"
"/content/help/en/experience-manager/kt/eseminars/gems/aem-spa-editor","d61f7398-c3e8-475a-a3c3-f71a8106c8f4","/data/AEM/git/Adobe-Document-Collaboration-Portal/migration-root/helpx/experience-manager-gems/aem-spa-editor.md"
"/content/help/en/experience-manager/kt/eseminars/gems/granite-new-release-model","7872e8cc-bfb1-4eb3-8309-081faf9916f4","/data/AEM/git/Adobe-Document-Collaboration-Portal/migration-root/helpx/experience-manager-gems/granite-new-release-model.md"
"/content/help/en/experience-manager/kt/eseminars/gems/granite-cognifide-zen-garden","9b6fcbbd-ccfa-4002-8b0b-af819d9a7bc1","/data/AEM/git/Adobe-Document-Collaboration-Portal/migration-root/helpx/experience-manager-gems/granite-cognifide-zen-garden.md"
"/content/help/en/experience-manager/kt/eseminars/gems/aem-intro-to-contexthub","f8789846-ff15-4cd5-9102-3b7394da5958","/data/AEM/git/Adobe-Document-Collaboration-Portal/migration-root/helpx/experience-manager-gems/aem-intro-to-contexthub.md"
"/content/help/en/experience-manager/kt/eseminars/gems/aem-configuring-dam-for-enterprise","de15b14d-4316-4c7e-b9b4-55287b47171e","/data/AEM/git/Adobe-Document-Collaboration-Portal/migration-root/helpx/experience-manager-gems/aem-configuring-dam-for-enterprise.md"
"/content/help/en/experience-manager/kt/eseminars/gems/aem-managing-aem-datastore","65aabe5c-2f33-4caf-a01c-803e2c71f49d","/data/AEM/git/Adobe-Document-Collaboration-Portal/migration-root/helpx/experience-manager-gems/aem-managing-aem-datastore.md"
"/content/help/en/experience-manager/kt/eseminars/gems/aem-sustenance-best-practices-deploying-maintenance-releases","ff4d7884-c3df-44a9-9863-78a79fa58fad","/data/AEM/git/Adobe-Document-Collaboration-Portal/migration-root/helpx/experience-manager-gems/aem-sustenance-best-practices-deploying-maintenance-releases.md"
"/content/help/en/experience-manager/kt/eseminars/gems/aem-maintaining-open-source","94e91950-d915-4659-985a-f496e47e8963","/data/AEM/git/Adobe-Document-Collaboration-Portal/migration-root/helpx/experience-manager-gems/aem-maintaining-open-source.md"
"/content/help/en/experience-manager/kt/eseminars/gems/granite-aem-forms-and-mobile-apps","8f04d917-37d5-4cb4-8ce9-b4cab40fa2aa","/data/AEM/git/Adobe-Document-Collaboration-Portal/migration-root/helpx/experience-manager-gems/granite-aem-forms-and-mobile-apps.md"
"/content/help/en/experience-manager/kt/eseminars/gems/SPA-Editor-SDK-Deep-Dive-React","535ebce7-bbd9-4e84-a7a8-52254d01550e","/data/AEM/git/Adobe-Document-Collaboration-Portal/migration-root/helpx/experience-manager-gems/spa-editor-sdk-deep-dive-react.md"
"/content/help/en/experience-manager/kt/eseminars/gems/aem-testing-tools-for-aem-apps","beb88371-ac62-4c94-9115-886455778a38","/data/AEM/git/Adobe-Document-Collaboration-Portal/migration-root/helpx/experience-manager-gems/aem-testing-tools-for-aem-apps.md"
"/content/help/en/experience-manager/kt/eseminars/gems/aem-machine-learning","23acfe70-e441-414b-905d-376a4d98f0fa","/data/AEM/git/Adobe-Document-Collaboration-Portal/migration-root/helpx/experience-manager-gems/aem-machine-learning.md"
"/content/help/en/experience-manager/kt/eseminars/gems/aem-tips-and-tricks-for-aem-sites-touch-ui","2d11ca50-d3cf-43e3-8256-358d72d03a44","/data/AEM/git/Adobe-Document-Collaboration-Portal/migration-root/helpx/experience-manager-gems/aem-tips-and-tricks-for-aem-sites-touch-ui.md"
"/content/help/en/experience-manager/kt/eseminars/gems/granite-http-api-framework","9590c290-2979-4a88-a526-6aa51a66aebd","/data/AEM/git/Adobe-Document-Collaboration-Portal/migration-root/helpx/experience-manager-gems/granite-http-api-framework.md"
"/content/help/en/experience-manager/kt/eseminars/gems/ContextHub-Deep-Dive1","1c6340cc-24b7-4a95-a7c6-d9cec757dc23","/data/AEM/git/Adobe-Document-Collaboration-Portal/migration-root/helpx/experience-manager-gems/contexthub-deep-dive1.md"
"/content/help/en/experience-manager/kt/eseminars/gems/aem-dispatcher-caching-new-features-and-optimizations","eb15e787-4487-4c0e-aa16-b9685bb580e8","/data/AEM/git/Adobe-Document-Collaboration-Portal/migration-root/helpx/experience-manager-gems/aem-dispatcher-caching-new-features-and-optimizations.md"
"/content/help/en/experience-manager/kt/eseminars/gems/aem-dam-feature-pack","027cce69-9bd8-46f7-b581-85169c261baa","/data/AEM/git/Adobe-Document-Collaboration-Portal/migration-root/helpx/experience-manager-gems/aem-dam-feature-pack.md"
"/content/help/en/experience-manager/kt/eseminars/gems/granite-ims-demo","239a50ca-b096-40bb-b171-d6826fca62be","/data/AEM/git/Adobe-Document-Collaboration-Portal/migration-root/helpx/experience-manager-gems/granite-ims-demo.md"
"/content/help/en/experience-manager/kt/eseminars/gems/aem-troubleshooting-sling","823b2bda-411b-49af-9a75-ab5eb9562d57","/data/AEM/git/Adobe-Document-Collaboration-Portal/migration-root/helpx/experience-manager-gems/aem-troubleshooting-sling.md"
"/content/help/en/experience-manager/kt/eseminars/gems/aem-introduction-to-htl","980bc4ee-8b7f-4bce-9933-8b8af4cce3d2","/data/AEM/git/Adobe-Document-Collaboration-Portal/migration-root/helpx/experience-manager-gems/aem-introduction-to-htl.md"
"/content/help/en/experience-manager/kt/eseminars/gems/granite-ams-ms-ims-integration-1","9e20db8f-0769-464d-bea9-0da5e91c0c60","/data/AEM/git/Adobe-Document-Collaboration-Portal/migration-root/helpx/experience-manager-gems/granite-ams-ms-ims-integration-1.md"
"/content/help/en/experience-manager/kt/eseminars/gems/aem-author-scalability","e7ab1084-69fe-4b1f-8c65-c67ff3a896e3","/data/AEM/git/Adobe-Document-Collaboration-Portal/migration-root/helpx/experience-manager-gems/aem-author-scalability.md"
"/content/help/en/experience-manager/kt/eseminars/gems/aem-delivering-managed-content-to-your-native-apps","debfe153-74e7-4e52-9fec-494e7ca6c780","/data/AEM/git/Adobe-Document-Collaboration-Portal/migration-root/helpx/experience-manager-gems/aem-delivering-managed-content-to-your-native-apps.md"
"/content/help/en/experience-manager/kt/eseminars/gems/aem-sharepoint-connector-setup-and-configuration","48c54652-4816-4e31-933d-5d710db40ba3","/data/AEM/git/Adobe-Document-Collaboration-Portal/migration-root/helpx/experience-manager-gems/aem-sharepoint-connector-setup-and-configuration.md"
"/content/help/en/experience-manager/kt/eseminars/gems/aem-6_1-translation-integration-and-best-practices","07db1af6-e823-44cb-8502-4b4a135902c9","/data/AEM/git/Adobe-Document-Collaboration-Portal/migration-root/helpx/experience-manager-gems/aem-6-1-translation-integration-and-best-practices.md"
"/content/help/en/experience-manager/kt/eseminars/gems/aem-managing-content-with-template-editor","fd01fb68-9c5d-4cc3-b8f9-2e18a473734d","/data/AEM/git/Adobe-Document-Collaboration-Portal/migration-root/helpx/experience-manager-gems/aem-managing-content-with-template-editor.md"
"/content/help/en/experience-manager/kt/eseminars/gems/SPA-Editor-SDK-Deep-Dive-Angular","4ac2d85b-63f9-4d74-a8c0-7857be6b3d84","/data/AEM/git/Adobe-Document-Collaboration-Portal/migration-root/helpx/experience-manager-gems/spa-editor-sdk-deep-dive-angular.md"
"/content/help/en/experience-manager/kt/eseminars/gems/aem-sonar-a-key-element-to-improve-product-quality","f193d261-0e70-4758-8b0f-47c7b288e9e9","/data/AEM/git/Adobe-Document-Collaboration-Portal/migration-root/helpx/experience-manager-gems/aem-sonar-a-key-element-to-improve-product-quality.md"
"/content/help/en/experience-manager/kt/eseminars/gems/aem-translation-best-practices","19ef8f6e-90ab-4724-9cc3-febe30543f00","/data/AEM/git/Adobe-Document-Collaboration-Portal/migration-root/helpx/experience-manager-gems/aem-translation-best-practices.md"
"/content/help/en/experience-manager/kt/eseminars/gems/aem-upgrade-mechanisms","76e69880-3d93-49bd-98fa-0e2f34afe5f2","/data/AEM/git/Adobe-Document-Collaboration-Portal/migration-root/helpx/experience-manager-gems/aem-upgrade-mechanisms.md"
"/content/help/en/experience-manager/kt/eseminars/gems/aem-track-quality-metrics-of-your-javascript-project","72507d44-fc08-4be5-a91b-a6c05709fe35","/data/AEM/git/Adobe-Document-Collaboration-Portal/migration-root/helpx/experience-manager-gems/aem-track-quality-metrics-of-your-javascript-project.md"
"/content/help/en/experience-manager/kt/eseminars/gems/aem-streamlining-multilingual-content-process","c4900ed3-f85b-4139-8e42-b5d1c03c36da","/data/AEM/git/Adobe-Document-Collaboration-Portal/migration-root/helpx/experience-manager-gems/aem-streamlining-multilingual-content-process.md"
"/content/help/en/experience-manager/kt/eseminars/gems/aem-6_4_technical_sneak_peek","6cb2db2b-f465-412f-8039-e0281454b264","/data/AEM/git/Adobe-Document-Collaboration-Portal/migration-root/helpx/experience-manager-gems/aem-6-4-technical-sneak-peek.md"
"/content/help/en/experience-manager/kt/eseminars/gems/granite-upgrade-major-version-pattern-detector-testing","e90e5f67-c88a-4e19-bf3d-cebb29c2325b","/data/AEM/git/Adobe-Document-Collaboration-Portal/migration-root/helpx/experience-manager-gems/granite-upgrade-major-version-pattern-detector-testing.md"
"/content/help/en/experience-manager/kt/eseminars/gems/aem-machine-translation-in-aem","c25c9806-560c-46ef-b9c0-ffe0af296ed9","/data/AEM/git/Adobe-Document-Collaboration-Portal/migration-root/helpx/experience-manager-gems/aem-machine-translation-in-aem.md"
"/content/help/en/experience-manager/kt/eseminars/gems/Using-OSGi-R7-in-AEM","a173cd38-d646-4748-b8d0-8a726f1c3be8","/data/AEM/git/Adobe-Document-Collaboration-Portal/migration-root/helpx/experience-manager-gems/using-osgi-r7-in-aem.md"
"/content/help/en/experience-manager/kt/eseminars/gems/aem-architecture-of-the-aem-5-6-platform","6c7d287b-4dec-4ea8-9731-881c736429d9","/data/AEM/git/Adobe-Document-Collaboration-Portal/migration-root/helpx/experience-manager-gems/aem-architecture-of-the-aem-5-6-platform.md"
"/content/help/en/experience-manager/kt/eseminars/gems/aem-analytics-triggers","69df8fcb-4713-42a9-a986-a4ad9d4e36c6","/data/AEM/git/Adobe-Document-Collaboration-Portal/migration-root/helpx/experience-manager-gems/aem-analytics-triggers.md"
"/content/help/en/experience-manager/kt/eseminars/gems/Introducing-the-AEM-Modernization-Suite","f1b17a0f-055f-48f4-a0be-e50318b3349d","/data/AEM/git/Adobe-Document-Collaboration-Portal/migration-root/helpx/experience-manager-gems/introducing-the-aem-modernization-suite.md"
"/content/help/en/experience-manager/kt/eseminars/gems/granite-assuming-the-worst-aem-customer-orientation-and-long-term-critsit-reduction","8fe8cb5a-a210-4ce4-9511-a267916ba901","/data/AEM/git/Adobe-Document-Collaboration-Portal/migration-root/helpx/experience-manager-gems/granite-assuming-the-worst-aem-customer-orientation-and-long-term-critsit-reduction.md"
"/content/help/en/experience-manager/kt/eseminars/gems/Machine-Learning-in-AEM-Enhanced-Smart-Tags-Smart-Layout-and-more","b89b96b6-2eed-49e7-ae8f-2f9fd9284a28","/data/AEM/git/Adobe-Document-Collaboration-Portal/migration-root/helpx/experience-manager-gems/machine-learning-in-aem-enhanced-smart-tags-smart-layout-and-more.md"
"/content/help/en/experience-manager/kt/eseminars/gems/AEM-Query-and-Index-Troubleshooting2","da172124-bef7-45b8-91f4-86fc37d03f5d","/data/AEM/git/Adobe-Document-Collaboration-Portal/migration-root/helpx/experience-manager-gems/aem-query-and-index-troubleshooting2.md"
